License,AFL-2.0,AFL-2.1,AGPL-3.0-only,AGPL-3.0-or-later,Apache-1.0,Apache-1.1,Apache-2.0,Artistic-1.0-Perl,BSD-2-Clause,BSD-2-Clause-Patent,BSD-3-Clause,BSD-4-Clause,BSD-4-Clause-UC,BSL-1.0,bzip2-1.0.5,bzip2-1.0.6,CC0-1.0,CDDL-1.0,CPL-1.0,curl,EFL-2.0,EPL-1.0,EPL-2.0,EUPL-1.1,FTL,GPL-2.0-only,GPL-2.0-only-WITH-Classpath-exception-2.0,GPL-2.0-or-later,GPL-3.0-only,GPL-3.0-or-later,HPND,IBM-pibs,ICU,IJG,IPL-1.0,ISC,LGPL-2.1-only,LGPL-2.1-or-later,LGPL-3.0-only,LGPL-3.0-or-later,Libpng,libtiff,MirOS,MIT,MIT-CMU,MPL-1.1,MPL-2.0,MPL-2.0-no-copyleft-exception,MS-PL,MS-RL,NBPL-1.0,NTP,OpenSSL,OSL-3.0,Python-2.0,Qhull,RPL-1.5,SunPro,Unicode-DFS-2015,Unicode-DFS-2016,UPL-1.0,WTFPL,X11,XFree86-1.1,Zlib,zlib-acknowledgement
AFL-2.0,-,Yes,?,?,Yes,Yes,Yes,Yes,Yes,Yes,Yes,Yes,Yes,Yes,Yes,Yes,Yes,?,?,Yes,Yes,?,?,?,Yes,?,?,?,?,?,Yes,Yes,Yes,Yes,?,Yes,?,?,?,?,Yes,Yes,Yes,Yes,Yes,?,?,?,?,?,Yes,Yes,?,?,Yes,Yes,?,Yes,Yes,Yes,Yes,Yes,Yes,Yes,Yes,Yes
AFL-2.1,Yes,-,?,?,Yes,Yes,Yes,Yes,Yes,Yes,Yes,Yes,Yes,Yes,Yes,Yes,Yes,?,?,Yes,Yes,?,?,?,Yes,?,?,?,?,?,Yes,Yes,Yes,Yes,?,Yes,?,?,?,?,Yes,Yes,Yes,Yes,Yes,?,?,?,?,?,Yes,Yes,?,?,Yes,Yes,?,Yes,Yes,Yes,Yes,Yes,Yes,Yes,Yes,Yes
AGPL-3.0-only,No,No,-,Yes,No,No,No,No,No,No,No,No,No,No,No,No,No,No,No,No,No,No,No,No,No,No,No,No,Yes,No,No,No,No,No,No,No,No,No,No,No,No,No,No,No,No,No,No,No,No,No,No,No,No,No,No,No,No,No,No,No,No,No,No,No,No,No
AGPL-3.0-or-later,No,No,No,-,No,No,No,No,No,No,No,No,No,No,No,No,No,No,No,No,No,No,No,No,No,No,No,No,No,Yes,No,No,No,No,No,No,No,No,No,No,No,No,No,No,No,No,No,No,No,No,No,No,No,No,No,No,No,No,No,No,No,No,No,No,No,No
Apache-1.0,Yes,Yes,No,No,-,Yes,Yes,Yes,Yes,Yes,Yes,Yes,Yes,Yes,Yes,Yes,Yes,?,?,Yes,Yes,?,?,No,Yes,No,No,No,No,No,Yes,Yes,Yes,Yes,?,Yes,No,No,No,No,Yes,Yes,Yes,Yes,Yes,?,?,?,?,?,Yes,Yes,?,?,Yes,Yes,?,Yes,Yes,Yes,Yes,Yes,Yes,Yes,Yes,Yes
Apache-1.1,Yes,Yes,No,No,Yes,-,Yes,Yes,Yes,Yes,Yes,Yes,Yes,Yes,Yes,Yes,Yes,?,?,Yes,Yes,?,?,No,Yes,No,No,No,No,No,Yes,Yes,Yes,Yes,?,Yes,No,No,No,No,Yes,Yes,Yes,Yes,Yes,?,?,?,?,?,Yes,Yes,?,?,Yes,Yes,?,Yes,Yes,Yes,Yes,Yes,Yes,Yes,Yes,Yes
Apache-2.0,Yes,Yes,Yes,Yes,Yes,Yes,-,Yes,Yes,Yes,Yes,Yes,Yes,Yes,Yes,Yes,Yes,?,?,Yes,Yes,?,?,?,Yes,No,No,No,Yes,Yes,Yes,Yes,Yes,Yes,?,Yes,No,No,Yes,Yes,Yes,Yes,Yes,Yes,Yes,?,?,?,?,?,Yes,Yes,?,?,Yes,Yes,?,Yes,Yes,Yes,Yes,Yes,Yes,Yes,Yes,Yes
Artistic-1.0-Perl,Yes,Yes,?,?,Yes,Yes,Yes,-,Yes,Yes,Yes,Yes,Yes,Yes,Yes,Yes,Yes,?,?,Yes,Yes,?,?,?,Yes,?,?,?,?,?,Yes,Yes,Yes,Yes,?,Yes,?,?,?,?,Yes,Yes,Yes,Yes,Yes,?,?,?,?,?,Yes,Yes,?,?,Yes,Yes,?,Yes,Yes,Yes,Yes,Yes,Yes,Yes,Yes,Yes
BSD-2-Clause,Yes,Yes,Yes,Yes,Yes,Yes,Yes,Yes,-,Yes,Yes,Yes,Yes,Yes,Yes,Yes,Yes,Yes,Yes,Yes,Yes,Yes,Yes,Yes,Yes,Yes,Yes,Yes,Yes,Yes,Yes,Yes,Yes,Yes,Yes,Yes,Yes,Yes,Yes,Yes,Yes,Yes,Yes,Yes,Yes,Yes,Yes,Yes,Yes,Yes,Yes,Yes,Yes,Yes,Yes,Yes,Yes,Yes,Yes,Yes,Yes,Yes,Yes,Yes,Yes,Yes
BSD-2-Clause-Patent,Yes,Yes,Yes,Yes,Yes,Yes,Yes,Yes,Yes,-,Yes,Yes,Yes,Yes,Yes,Yes,Yes,Yes,Yes,Yes,Yes,Yes,Yes,Yes,Yes,Yes,Yes,Yes,Yes,Yes,Yes,Yes,Yes,Yes,Yes,Yes,Yes,Yes,Yes,?,Yes,Yes,Yes,Yes,Yes,Yes,Yes,Yes,Yes,Yes,Yes,Yes,Yes,Yes,Yes,Yes,Yes,Yes,Yes,Yes,Yes,Yes,Yes,Yes,Yes,Yes
BSD-3-Clause,Yes,Yes,Yes,Yes,Yes,Yes,Yes,Yes,Yes,Yes,-,Yes,Yes,Yes,Yes,Yes,Yes,Yes,Yes,Yes,Yes,Yes,Yes,Yes,Yes,Yes,Yes,Yes,Yes,Yes,Yes,Yes,Yes,Yes,Yes,Yes,Yes,Yes,Yes,Yes,Yes,Yes,Yes,Yes,Yes,Yes,Yes,Yes,Yes,Yes,Yes,Yes,Yes,Yes,Yes,Yes,Yes,Yes,Yes,Yes,Yes,Yes,Yes,Yes,Yes,Yes
BSD-4-Clause,Yes,Yes,No,No,Yes,Yes,Yes,Yes,Yes,Yes,Yes,-,Yes,Yes,Yes,Yes,Yes,?,?,Yes,Yes,?,?,No,Yes,No,No,No,No,No,Yes,Yes,Yes,Yes,?,Yes,No,No,No,No,Yes,Yes,Yes,Yes,Yes,?,?,?,Yes,?,Yes,Yes,Yes,?,Yes,Yes,?,Yes,Yes,Yes,Yes,Yes,Yes,Yes,Yes,Yes
BSD-4-Clause-UC,Yes,Yes,No,No,Yes,Yes,Yes,Yes,Yes,Yes,Yes,Yes,-,Yes,Yes,Yes,Yes,?,?,Yes,Yes,?,?,No,Yes,No,No,No,No,No,Yes,Yes,Yes,Yes,?,Yes,No,No,No,No,Yes,Yes,Yes,Yes,Yes,?,?,?,Yes,?,Yes,Yes,Yes,?,Yes,Yes,?,Yes,Yes,Yes,Yes,Yes,Yes,Yes,Yes,Yes
BSL-1.0,Yes,Yes,Yes,Yes,Yes,Yes,Yes,Yes,Yes,Yes,Yes,Yes,Yes,-,Yes,Yes,Yes,Yes,Yes,Yes,Yes,Yes,Yes,Yes,Yes,Yes,Yes,Yes,Yes,Yes,Yes,Yes,Yes,Yes,Yes,Yes,Yes,Yes,Yes,Yes,Yes,Yes,Yes,Yes,Yes,Yes,Yes,Yes,Yes,Yes,Yes,Yes,Yes,Yes,Yes,Yes,Yes,Yes,Yes,Yes,Yes,Yes,Yes,Yes,Yes,Yes
bzip2-1.0.5,Yes,Yes,Yes,Yes,Yes,Yes,Yes,Yes,Yes,Yes,Yes,Yes,Yes,Yes,-,Yes,Yes,Yes,Yes,Yes,Yes,Yes,Yes,Yes,Yes,Yes,Yes,Yes,Yes,Yes,Yes,Yes,Yes,Yes,Yes,Yes,Yes,Yes,Yes,Yes,Yes,Yes,Yes,Yes,Yes,Yes,Yes,Yes,Yes,Yes,Yes,Yes,Yes,Yes,Yes,Yes,Yes,Yes,Yes,Yes,Yes,Yes,Yes,Yes,Yes,Yes
bzip2-1.0.6,Yes,Yes,Yes,Yes,Yes,Yes,Yes,Yes,Yes,Yes,Yes,Yes,Yes,Yes,Yes,-,Yes,Yes,Yes,Yes,Yes,Yes,Yes,Yes,Yes,Yes,Yes,Yes,Yes,Yes,Yes,Yes,Yes,Yes,Yes,Yes,Yes,Yes,Yes,Yes,Yes,Yes,Yes,Yes,Yes,Yes,Yes,Yes,Yes,Yes,Yes,Yes,Yes,Yes,Yes,Yes,Yes,Yes,Yes,Yes,Yes,Yes,Yes,Yes,Yes,Yes
CC0-1.0,Yes,Yes,Yes,Yes,Yes,Yes,Yes,Yes,Yes,Yes,Yes,Yes,Yes,Yes,Yes,Yes,-,Yes,Yes,Yes,Yes,Yes,Yes,Yes,Yes,Yes,Yes,Yes,Yes,Yes,Yes,Yes,Yes,Yes,Yes,Yes,Yes,Yes,Yes,Yes,Yes,Yes,Yes,Yes,Yes,Yes,Yes,Yes,Yes,Yes,Yes,Yes,Yes,Yes,Yes,Yes,Yes,Yes,Yes,Yes,Yes,Yes,Yes,Yes,Yes,Yes
CDDL-1.0,No,No,No,No,No,No,No,No,No,No,No,No,No,No,No,No,No,-,No,No,No,No,No,No,No,No,No,No,No,No,No,No,No,No,No,No,No,No,No,No,No,No,No,No,No,No,No,No,No,No,No,No,No,No,No,No,No,No,No,No,No,No,No,No,No,No
CPL-1.0,No,No,No,No,No,No,No,No,No,No,No,No,No,No,No,No,No,No,-,No,No,Yes,No,No,No,No,No,No,No,No,No,No,No,No,Yes,No,No,No,No,No,No,No,No,No,No,No,No,No,No,No,No,No,No,No,No,No,No,No,No,No,No,No,No,No,No,No
curl,Yes,Yes,Yes,Yes,Yes,Yes,Yes,Yes,Yes,Yes,Yes,Yes,Yes,Yes,Yes,Yes,Yes,Yes,Yes,-,Yes,Yes,Yes,Yes,Yes,Yes,Yes,Yes,Yes,Yes,Yes,Yes,Yes,Yes,Yes,Yes,Yes,Yes,Yes,Yes,Yes,Yes,Yes,Yes,Yes,Yes,Yes,Yes,Yes,Yes,Yes,Yes,Yes,Yes,Yes,Yes,Yes,Yes,Yes,Yes,Yes,Yes,Yes,Yes,Yes,Yes
EFL-2.0,Yes,Yes,Yes,Yes,Yes,Yes,Yes,Yes,Yes,Yes,Yes,Yes,Yes,Yes,Yes,Yes,Yes,Yes,Yes,Yes,-,Yes,Yes,Yes,Yes,Yes,Yes,Yes,Yes,Yes,Yes,Yes,Yes,Yes,Yes,Yes,Yes,Yes,Yes,Yes,Yes,Yes,Yes,Yes,Yes,Yes,Yes,Yes,Yes,Yes,Yes,Yes,Yes,Yes,Yes,Yes,Yes,Yes,Yes,Yes,Yes,Yes,Yes,Yes,Yes,Yes
EPL-1.0,No,No,No,No,No,No,No,No,No,No,No,No,No,No,No,No,No,No,Yes,No,No,-,Yes,No,No,No,No,No,No,No,No,No,No,No,Yes,No,No,No,No,No,No,No,No,No,No,No,No,No,No,No,No,No,No,No,No,No,No,No,No,No,No,No,No,No,No,No
EPL-2.0,No,No,No,No,No,No,No,No,No,No,No,No,No,No,No,No,No,No,No,No,No,No,-,No,No,Dep.,Dep.,Dep.,Dep.,Dep.,No,No,No,No,No,No,Dep.,Dep.,Dep.,Dep.,No,No,No,No,No,No,No,No,No,No,No,No,No,No,No,No,No,No,No,No,No,No,No,No,No,No
EUPL-1.1,No,No,No,No,No,No,No,No,No,No,No,No,No,No,No,No,No,No,No,No,No,Yes,No,-,No,Yes,Yes,Yes,No,No,No,No,No,No,No,No,No,No,No,No,No,No,No,No,No,No,No,No,No,No,No,No,No,Yes,No,No,No,No,No,No,No,No,No,No,No,No
FTL,Yes,Yes,No,No,Yes,Yes,Yes,Yes,Yes,Yes,Yes,Yes,Yes,Yes,Yes,Yes,Yes,?,?,Yes,Yes,?,?,No,-,No,No,No,No,No,Yes,Yes,Yes,Yes,?,Yes,No,No,No,No,Yes,Yes,Yes,Yes,Yes,?,?,?,?,?,Yes,Yes,?,?,Yes,Yes,?,Yes,Yes,Yes,Yes,Yes,Yes,Yes,Yes,Yes
GPL-2.0-only,No,No,No,No,No,No,No,No,No,No,No,No,No,No,No,No,No,No,No,No,No,No,No,No,No,-,No,Yes,No,No,No,No,No,No,No,No,Yes,No,No,No,No,No,No,No,No,No,No,No,No,No,No,No,No,No,No,No,No,No,No,No,No,No,No,No,No,No
GPL-2.0-only-WITH-Classpath-excep­tion-2.0,No,No,No,No,No,No,No,No,No,No,No,No,No,No,No,No,No,No,No,No,No,No,No,No,No,Yes,-,Yes,No,No,No,No,No,No,No,No,No,No,No,No,No,No,No,No,No,No,No,No,No,No,No,No,No,No,No,No,No,No,No,No,No,No,No,No,No,No
GPL-2.0-or-later,No,No,No,No,No,No,No,No,No,No,No,No,No,No,No,No,No,No,No,No,No,No,No,No,No,Yes,No,-,Yes,Yes,No,No,No,No,No,No,Yes,Yes,No,No,No,No,No,No,No,No,No,No,No,No,No,No,No,No,No,No,No,No,No,No,No,No,No,No,No,No
GPL-3.0-only,No,No,Yes,Yes,No,No,No,No,No,No,No,No,No,No,No,No,No,No,No,No,No,No,No,No,No,No,No,No,-,No,No,No,No,No,No,No,No,No,No,No,No,No,No,No,No,No,No,No,No,No,No,No,No,No,No,No,No,No,No,No,No,No,No,No,No,No
GPL-3.0-or-later,No,No,Yes,Yes,No,No,No,No,No,No,No,No,No,No,No,No,No,No,No,No,No,No,No,No,No,No,No,Yes,Yes,-,No,No,No,No,No,No,No,No,No,No,No,No,No,No,No,No,No,No,No,No,No,No,No,No,No,No,No,No,No,No,No,No,No,No,No,No
HPND,Yes,Yes,?,?,Yes,Yes,Yes,Yes,Yes,Yes,Yes,Yes,Yes,Yes,Yes,Yes,Yes,?,?,Yes,Yes,?,?,?,Yes,?,?,?,?,?,-,Yes,Yes,Yes,?,Yes,?,?,?,?,Yes,Yes,Yes,Yes,Yes,?,?,?,?,?,Yes,Yes,?,?,Yes,Yes,?,Yes,Yes,Yes,Yes,Yes,Yes,Yes,Yes,Yes
IBM-pibs,Yes,Yes,Yes,Yes,Yes,Yes,Yes,Yes,Yes,Yes,Yes,Yes,Yes,Yes,Yes,Yes,Yes,Yes,Yes,Yes,Yes,Yes,Yes,Yes,Yes,Yes,Yes,Yes,Yes,Yes,Yes,-,Yes,Yes,Yes,Yes,Yes,Yes,Yes,Yes,Yes,Yes,Yes,Yes,Yes,Yes,Yes,Yes,Yes,Yes,Yes,Yes,Yes,Yes,Yes,Yes,Yes,Yes,Yes,Yes,Yes,Yes,Yes,Yes,Yes,Yes
ICU,Yes,Yes,Yes,Yes,Yes,Yes,Yes,Yes,Yes,Yes,Yes,Yes,Yes,Yes,Yes,Yes,Yes,Yes,Yes,Yes,Yes,Yes,Yes,Yes,Yes,Yes,Yes,Yes,Yes,Yes,Yes,Yes,-,Yes,Yes,Yes,Yes,Yes,Yes,Yes,Yes,Yes,Yes,Yes,Yes,Yes,Yes,Yes,Yes,Yes,Yes,Yes,Yes,Yes,Yes,Yes,Yes,Yes,Yes,Yes,Yes,Yes,Yes,Yes,Yes,Yes
IJG,Yes,Yes,No,No,Yes,Yes,Yes,Yes,Yes,Yes,Yes,Yes,Yes,Yes,Yes,Yes,Yes,?,?,Yes,Yes,?,?,No,Yes,No,No,No,No,No,Yes,Yes,Yes,-,?,Yes,No,No,No,No,Yes,Yes,Yes,Yes,Yes,?,?,?,?,?,Yes,Yes,?,?,Yes,Yes,?,Yes,Yes,Yes,Yes,Yes,Yes,Yes,Yes,Yes
IPL-1.0,No,No,No,No,No,No,No,No,No,No,No,No,No,No,No,No,No,No,Yes,No,No,Yes,No,No,No,No,No,No,No,No,No,No,No,No,-,No,No,No,No,No,No,No,No,No,No,No,No,No,No,No,No,No,No,No,No,No,No,No,No,No,No,No,No,No,No,No
ISC,Yes,Yes,Yes,Yes,Yes,Yes,Yes,Yes,Yes,Yes,Yes,Yes,Yes,Yes,Yes,Yes,Yes,Yes,Yes,Yes,Yes,Yes,Yes,Yes,Yes,Yes,Yes,Yes,Yes,Yes,Yes,Yes,Yes,Yes,Yes,-,Yes,Yes,Yes,Yes,Yes,Yes,Yes,Yes,Yes,Yes,Yes,Yes,Yes,Yes,Yes,Yes,Yes,Yes,Yes,Yes,Yes,Yes,Yes,Yes,Yes,Yes,Yes,Yes,Yes,Yes
LGPL-2.1-only,No,No,No,No,No,No,No,No,No,No,No,No,No,No,No,No,No,No,No,No,No,No,No,No,No,Yes,No,Yes,Yes,Yes,No,No,No,No,No,No,-,No,No,No,No,No,No,No,No,No,No,No,No,No,No,No,No,No,No,No,No,No,No,No,No,No,No,No,No,No
LGPL-2.1-or-later,No,No,No,No,No,No,No,No,No,No,No,No,No,No,No,No,No,No,No,No,No,No,No,No,No,Yes,No,Yes,Yes,Yes,No,No,No,No,No,No,Yes,-,No,No,No,No,No,No,No,No,No,No,No,No,No,No,No,No,No,No,No,No,No,No,No,No,No,No,No,No
LGPL-3.0-only,No,No,Yes,Yes,No,No,No,No,No,No,No,No,No,No,No,No,No,No,No,No,No,No,No,No,No,No,No,No,Yes,No,No,No,No,No,No,No,No,No,-,No,No,No,No,No,No,No,No,No,No,No,No,No,No,No,No,No,No,No,No,No,No,No,No,No,No,No
LGPL-3.0-or-later,No,No,Yes,Yes,No,No,No,No,No,No,No,No,No,No,No,No,No,No,No,No,No,No,No,No,No,No,No,No,Yes,Yes,No,No,No,No,No,No,No,Yes,Yes,-,No,No,No,No,No,No,No,No,No,No,No,No,No,No,No,No,No,No,No,No,No,No,No,No,No,No
Lib­png,Yes,Yes,Yes,Yes,Yes,Yes,Yes,Yes,Yes,Yes,Yes,Yes,Yes,Yes,Yes,Yes,Yes,Yes,Yes,Yes,Yes,Yes,Yes,Yes,Yes,Yes,Yes,Yes,Yes,Yes,Yes,Yes,Yes,Yes,Yes,Yes,Yes,Yes,Yes,Yes,-,Yes,Yes,Yes,Yes,Yes,Yes,Yes,Yes,Yes,Yes,Yes,Yes,Yes,Yes,Yes,Yes,Yes,Yes,Yes,Yes,Yes,Yes,Yes,Yes,Yes
lib­tiff,Yes,Yes,?,?,Yes,Yes,Yes,Yes,Yes,Yes,Yes,Yes,Yes,Yes,Yes,Yes,Yes,?,?,Yes,Yes,?,?,?,Yes,?,?,?,?,?,Yes,Yes,Yes,Yes,?,Yes,?,?,?,?,Yes,-,Yes,Yes,Yes,?,?,?,?,?,Yes,Yes,?,?,Yes,Yes,?,Yes,Yes,Yes,Yes,Yes,Yes,Yes,Yes,Yes
MirOS,Yes,Yes,?,?,Yes,Yes,Yes,Yes,Yes,Yes,Yes,Yes,Yes,Yes,Yes,Yes,Yes,?,?,Yes,Yes,?,?,?,Yes,?,?,?,?,?,Yes,Yes,Yes,Yes,?,Yes,?,?,?,?,Yes,Yes,-,Yes,Yes,?,?,?,?,?,Yes,Yes,?,?,Yes,Yes,?,Yes,Yes,Yes,Yes,Yes,Yes,Yes,Yes,Yes
MIT,Yes,Yes,Yes,Yes,Yes,Yes,Yes,Yes,Yes,Yes,Yes,Yes,Yes,Yes,Yes,Yes,Yes,Yes,Yes,Yes,Yes,Yes,Yes,Yes,Yes,Yes,Yes,Yes,Yes,Yes,Yes,Yes,Yes,Yes,Yes,Yes,Yes,Yes,Yes,Yes,Yes,Yes,Yes,-,Yes,Yes,Yes,Yes,Yes,Yes,Yes,Yes,Yes,Yes,Yes,Yes,Yes,Yes,Yes,Yes,Yes,Yes,Yes,Yes,Yes,Yes
MIT-CMU,Yes,Yes,?,?,Yes,Yes,Yes,Yes,Yes,Yes,Yes,Yes,Yes,Yes,Yes,Yes,Yes,?,?,Yes,Yes,?,?,?,Yes,?,?,?,?,?,Yes,Yes,Yes,Yes,?,Yes,?,?,?,?,Yes,Yes,Yes,Yes,-,?,?,?,?,?,Yes,Yes,?,?,Yes,Yes,?,Yes,Yes,Yes,Yes,Yes,Yes,Yes,Yes,Yes
MPL-1.1,No,No,No,No,No,No,No,No,No,No,No,No,No,No,No,No,No,No,No,No,No,No,No,No,No,No,No,No,No,No,No,No,No,No,No,No,No,No,No,No,No,No,No,No,No,-,No,No,No,No,No,No,No,No,No,No,No,No,No,No,No,No,No,No,No,No
MPL-2.0,No,No,Yes,Yes,No,No,No,No,No,No,No,No,No,No,No,No,No,No,No,No,No,No,No,No,No,Yes,Yes,Yes,No,Yes,No,No,No,No,No,No,Yes,Yes,Yes,Yes,No,No,No,No,No,No,-,Yes,No,No,No,No,No,No,No,No,No,No,No,No,No,No,No,No,No,No
MPL-2.0-no-copyleft-excep­tion,No,No,No,No,No,No,No,No,No,No,No,No,No,No,No,No,No,No,No,No,No,No,No,No,No,No,No,No,No,No,No,No,No,No,No,No,No,No,No,No,No,No,No,No,No,No,No,-,No,No,No,No,No,No,No,No,No,No,No,No,No,No,No,No,No,No
MS-PL,?,?,?,?,?,?,?,?,?,?,?,?,?,?,?,?,?,?,?,?,?,?,?,?,?,?,?,?,?,?,?,?,?,?,?,?,?,?,?,?,?,?,?,?,?,?,?,?,-,?,?,?,?,?,?,?,?,?,?,?,?,?,?,?,?,?
MS-RL,No,No,No,No,No,No,No,No,No,No,No,No,No,No,No,No,No,No,No,No,No,No,No,No,No,No,No,No,No,No,No,No,No,No,No,No,No,No,No,No,No,No,No,No,No,No,No,No,No,-,No,No,No,No,No,No,No,No,No,No,No,No,No,No,No,No
NBPL-1.0,Yes,Yes,?,?,Yes,Yes,Yes,Yes,Yes,Yes,Yes,Yes,Yes,Yes,Yes,Yes,Yes,?,?,Yes,Yes,?,?,?,Yes,?,?,?,?,?,Yes,Yes,Yes,Yes,?,Yes,?,?,?,?,Yes,Yes,Yes,Yes,Yes,?,?,?,?,?,-,Yes,?,?,Yes,Yes,?,Yes,Yes,Yes,Yes,Yes,Yes,Yes,Yes,Yes
NTP,Yes,Yes,Yes,Yes,Yes,Yes,Yes,Yes,Yes,Yes,Yes,Yes,Yes,Yes,Yes,Yes,Yes,Yes,Yes,Yes,Yes,Yes,Yes,Yes,Yes,Yes,Yes,Yes,Yes,Yes,Yes,Yes,Yes,Yes,Yes,Yes,Yes,Yes,Yes,Yes,Yes,Yes,Yes,Yes,Yes,Yes,Yes,Yes,Yes,Yes,Yes,-,Yes,Yes,Yes,Yes,Yes,Yes,Yes,Yes,Yes,Yes,Yes,Yes,Yes,Yes
Open­SSL,?,?,No,No,?,?,?,?,?,?,?,?,?,?,?,?,?,?,?,?,?,?,?,No,?,No,No,No,No,No,?,?,?,?,?,?,No,No,No,No,?,?,?,?,?,?,?,?,?,?,?,?,-,?,?,?,?,?,?,?,?,?,?,?,?,?
OSL-3.0,No,No,No,No,No,No,No,No,No,No,No,No,No,No,No,No,No,No,No,No,No,No,No,No,No,No,No,No,No,No,No,No,No,No,No,No,No,No,No,No,No,No,No,No,No,No,No,No,No,No,No,No,No,-,No,No,No,No,No,No,No,No,No,No,No,No
Python-2.0,Yes,Yes,?,?,Yes,Yes,Yes,Yes,Yes,Yes,Yes,Yes,Yes,Yes,Yes,Yes,Yes,?,?,Yes,Yes,?,?,?,Yes,?,?,?,?,?,Yes,Yes,Yes,Yes,?,Yes,?,?,?,?,Yes,Yes,Yes,Yes,Yes,?,?,?,?,?,Yes,Yes,?,?,-,Yes,?,Yes,Yes,Yes,Yes,Yes,Yes,Yes,Yes,Yes
Qhull,Yes,Yes,?,?,Yes,Yes,Yes,Yes,Yes,Yes,Yes,Yes,Yes,Yes,Yes,Yes,Yes,?,?,Yes,Yes,?,?,?,Yes,?,?,?,?,?,Yes,Yes,Yes,Yes,?,Yes,?,?,?,?,Yes,Yes,Yes,Yes,Yes,?,?,?,?,?,Yes,Yes,?,?,Yes,-,?,Yes,Yes,Yes,Yes,Yes,Yes,Yes,Yes,Yes
RPL-1.5,No,No,No,No,No,No,No,No,No,No,No,No,No,No,No,No,No,No,No,No,No,No,No,No,No,No,No,No,No,No,No,No,No,No,No,No,No,No,No,No,No,No,No,No,No,No,No,No,No,No,No,No,No,No,No,No,-,No,No,No,No,No,No,No,No,No
Sun­Pro,Yes,Yes,?,?,Yes,Yes,Yes,Yes,Yes,Yes,Yes,Yes,Yes,Yes,Yes,Yes,Yes,?,?,Yes,Yes,?,?,?,Yes,?,?,?,?,?,Yes,Yes,Yes,Yes,?,Yes,?,?,?,?,Yes,Yes,Yes,Yes,Yes,?,?,?,?,?,Yes,Yes,?,?,Yes,Yes,?,-,Yes,Yes,Yes,Yes,Yes,Yes,Yes,Yes
Uni­code-DFS-2015,Yes,Yes,?,?,Yes,Yes,Yes,Yes,Yes,Yes,Yes,Yes,Yes,Yes,Yes,Yes,Yes,?,?,Yes,Yes,?,?,?,Yes,?,?,?,?,?,Yes,Yes,Yes,Yes,?,Yes,?,?,?,?,Yes,Yes,Yes,Yes,Yes,?,?,?,?,?,Yes,Yes,?,?,Yes,Yes,?,Yes,-,Yes,Yes,Yes,Yes,Yes,Yes,Yes
Uni­code-DFS-2016,Yes,Yes,?,?,Yes,Yes,Yes,Yes,Yes,Yes,Yes,Yes,Yes,Yes,Yes,Yes,Yes,?,?,Yes,Yes,?,?,?,Yes,?,?,?,?,?,Yes,Yes,Yes,Yes,?,Yes,?,?,?,?,Yes,Yes,Yes,Yes,Yes,?,?,?,?,?,Yes,Yes,?,?,Yes,Yes,?,Yes,Yes,-,Yes,Yes,Yes,Yes,Yes,Yes
UPL-1.0,Yes,Yes,Yes,Yes,Yes,Yes,Yes,Yes,Yes,Yes,Yes,Yes,Yes,Yes,Yes,Yes,Yes,Yes,Yes,Yes,Yes,Yes,Yes,Yes,Yes,Yes,Yes,Yes,Yes,Yes,Yes,Yes,Yes,Yes,Yes,Yes,Yes,Yes,Yes,Yes,Yes,Yes,Yes,Yes,Yes,Yes,Yes,Yes,Yes,Yes,Yes,Yes,Yes,Yes,Yes,Yes,Yes,Yes,Yes,Yes,-,Yes,Yes,Yes,Yes,Yes
WTFPL,Yes,Yes,Yes,Yes,Yes,Yes,Yes,Yes,Yes,Yes,Yes,Yes,Yes,Yes,Yes,Yes,Yes,Yes,Yes,Yes,Yes,Yes,Yes,Yes,Yes,Yes,Yes,Yes,Yes,Yes,Yes,Yes,Yes,Yes,Yes,Yes,Yes,Yes,Yes,Yes,Yes,Yes,Yes,Yes,Yes,Yes,Yes,Yes,Yes,Yes,Yes,Yes,Yes,Yes,Yes,Yes,Yes,Yes,Yes,Yes,Yes,-,Yes,Yes,Yes,Yes
X11,Yes,Yes,Yes,Yes,Yes,Yes,Yes,Yes,Yes,Yes,Yes,Yes,Yes,Yes,Yes,Yes,Yes,Yes,Yes,Yes,Yes,Yes,Yes,Yes,Yes,Yes,Yes,Yes,Yes,Yes,Yes,Yes,Yes,Yes,Yes,Yes,Yes,Yes,Yes,Yes,Yes,Yes,Yes,Yes,Yes,Yes,Yes,Yes,Yes,Yes,Yes,Yes,Yes,Yes,Yes,Yes,Yes,Yes,Yes,Yes,Yes,Yes,-,Yes,Yes,Yes
XFree86-1.1,Yes,Yes,No,No,Yes,Yes,Yes,Yes,Yes,Yes,Yes,Yes,Yes,Yes,Yes,Yes,Yes,?,?,Yes,Yes,?,?,No,Yes,No,No,No,No,No,Yes,Yes,Yes,Yes,?,Yes,No,No,No,No,Yes,Yes,Yes,Yes,Yes,?,?,?,?,?,Yes,Yes,?,?,Yes,Yes,?,Yes,Yes,Yes,Yes,Yes,Yes,-,Yes,Yes
Zlib,Yes,Yes,Yes,Yes,Yes,Yes,Yes,Yes,Yes,Yes,Yes,Yes,Yes,Yes,Yes,Yes,Yes,Yes,Yes,Yes,Yes,Yes,Yes,Yes,Yes,Yes,Yes,Yes,Yes,Yes,Yes,Yes,Yes,Yes,Yes,Yes,Yes,Yes,Yes,Yes,Yes,Yes,Yes,Yes,Yes,Yes,Yes,Yes,Yes,Yes,Yes,Yes,Yes,Yes,Yes,Yes,Yes,Yes,Yes,Yes,Yes,Yes,Yes,Yes,-,Yes
zlib-acknow­ledge­ment,Yes,Yes,No,No,Yes,Yes,Yes,Yes,Yes,Yes,Yes,Yes,Yes,Yes,Yes,Yes,Yes,?,?,Yes,Yes,?,?,No,Yes,No,No,No,No,No,Yes,Yes,Yes,Yes,?,Yes,No,No,No,No,Yes,Yes,Yes,Yes,Yes,?,?,?,?,?,Yes,Yes,?,?,Yes,Yes,?,Yes,Yes,Yes,Yes,Yes,Yes,Yes,Yes,-
